2751	to attribute	ينسب
2752	to transfer	ينقل؛ يحوّل
2753	to tie; to flirt	يربط؛ يغازل
2754	oblivion; forgetting	نسيان
2755	crew	طاقم
2756	lung	رئة
2757	to project; to plan	يعرض؛ يخطط
2758	prayer; sentence	صلاة؛ جملة
2759	to deal with; to fight	يتعامل مع؛ يصارع
2760	to impress	يُبهر
2761	stuck	ملتصق
2762	to grade; to describe as	يقيّم؛ يصف بـ
2763	man; guy (slang)	رجل؛ يا رجل (عامية)
2764	elevator	مصعد
2765	decent	محترم؛ لائق
2766	ton	طن
2767	breast; bosom	صدر؛ حضن
2768	radical	جذري
2769	corruption	فساد
2770	dam; prey	سد؛ فريسة
2771	to dictate	يُملي
2772	dance	رقص
2773	definition	تعريف
2774	to finish	ينهي
2775	escape; leak	هروب؛ تسرّب
2776	bishop	أسقف
2777	to adapt	يكيّف
2778	to beg	يتضرّع
2779	to benefit	يفيد؛ يستفيد
2780	to question	يشكك في
2781	artificial	اصطناعي
2782	how (exclamatory)	كم (للتعجب)
2783	ticket	تذكرة
2784	firefighter	رجل إطفاء
2785	drama	دراما
2786	beard	لحية
2787	constitutional	دستوري
2788	beating	ضرب مبرح
2789	excess	إفراط
2790	diplomatic; diplomat	دبلوماسي
2791	massive	هائل؛ جماعي
2792	tomato	طماطم
2793	organic	عضوي
2794	exclusive	حصري
2795	circuit	دائرة
2796	tremendous	هائل
2797	patrol	دورية
2798	context	سياق
2799	unconscious	فاقد الوعي
2800	satellite	قمر صناعي
2801	evaluation	تقييم
2802	celebration	احتفال
2803	square	مربع
2804	profit	ربح
2805	confession	اعتراف
2806	to manipulate	يتلاعب
2807	appreciation	تقدير
2808	champagne	شمبانيا
2809	juice	عصير
2810	dignity	كرامة
2811	mistake; verdict	خطأ؛ حكم
2812	to adjust	يضبط
2813	to bore	يُملّ
2814	isolated	معزول
2815	crop; cultivation	محصول؛ زراعة
2816	to step on	يدوس
2817	to have breakfast	يفطر
2818	dessert	حلوى
2819	unable	عاجز
2820	dramatic	درامي
2821	reserved	محجوز؛ متحفظ
2822	variety	تنوع
2823	thirst	عطش
2824	corner	زاوية
2825	editor; publisher	محرر؛ ناشر
2826	to raise	يرفع
2827	electricity	كهرباء
2828	republican	جمهوري
2829	applause	تصفيق
2830	to distract	يلهي
2831	refusal	رفض
2832	oxygen	أكسجين
2833	planned	مخطط
2834	pause	وقفة
2835	reception	استقبال
2836	cabin; hut	كوخ
2837	fame	شهرة
2838	confusing	مبهم
2839	visual	بصري
2840	to pee (vulgar)	يتبوّل (عامية)
2841	breathing	تنفّس
2842	terrible; fatal	فظيع؛ قاتل
2843	reverse; al revés: backwards	الوجه الخلفي؛ (al revés) بالعكس
2844	shouts (gritar)	يصرخ (من gritar)
2845	to collaborate	يتعاون
2846	servant	خادم
2847	to congratulate	يهنّئ
2848	diary; schedule	مفكرة؛ جدول أعمال
2849	cardiac	قلبي
2850	loyalty	ولاء
2851	reduction	تخفيض
2852	escape	هروب
2853	graphic; chart	بياني؛ رسم بياني
2854	chaos	فوضى
2855	steel	فولاذ
2856	to hurry (apresurarse)	يستعجل (apresurarse)
2857	cooperation	تعاون
2858	gene	جين
2859	where (to)	إلى حيث
2860	to bathe	يحمّم؛ يستحم
2861	wow; woof	واو؛ هاو هاو
2862	publication	نشر
2863	disappearance	اختفاء
2864	presidential	رئاسي
2865	anonymous	مجهول
2866	indigenous	أصلي؛ من السكان الأصليين
2867	to satisfy	يُرضي
2868	civilization	حضارة
2869	story; account	رواية؛ سرد
2870	bill; invoice	فاتورة
2871	launch	إطلاق
2872	ingredient	مكوّن
2873	to condemn	يدين
2874	conservative	محافظ
2875	male pigeon	حمامة (ذكر)
2876	invisible	غير مرئي
2877	warning	تحذير
2878	confusion	ارتباك
2879	defect	عيب
2880	to sweat	يتعرّق
2881	sixth	سادس
2882	to suspend; to fail (exam)	يعلّق؛ يرسب
2883	front; forward (sports)	أمامي؛ مهاجم
2884	banking	مصرفي
2885	to influence	يؤثر في
2886	to copy	ينسخ
2887	to crush	يسحق
2888	handling	تعامل؛ إدارة
2889	health (adj); sanitary	صحي
2890	technological	تكنولوجي
2891	academic	أكاديمي
2892	decree	مرسوم
2893	mercy	رحمة
2894	abuse	إساءة
2895	formal	رسمي
2896	hungry	جائع
2897	early morning	فجر
2898	Colombian	كولومبي
2899	to face	يواجه
2900	writing; deed	كتابة؛ صك
2901	glasses	نظارة
2902	average	متوسط
2903	opera	أوبرا
2904	rank	رتبة
2905	to stab	يطعن
2906	jungle	غابة استوائية
2907	reflection; reflex	انعكاس؛ رد فعل لا إرادي
2908	ruin	خراب
2909	continent	قارة
2910	ripe; mature	ناضج
2911	betrayal	خيانة
2912	composition	تركيب؛ تأليف
2913	embassy	سفارة
2914	transformation	تحوّل
2915	shield	درع
2916	to suffer	يعاني من
2917	retirement	تقاعد
2918	report	تقرير
2919	needle	إبرة
2920	to distribute	يوزّع
2921	exemplary; copy	نموذجي؛ نسخة
2922	costume; disguise	زي تنكري
2923	belief	اعتقاد
2924	sincerely	بصدق
2925	feature; trait	ملمح؛ سمة
2926	deaf	أصمّ
2927	glass	زجاج
2928	honestly	بصراحة
2929	to be on record	يُثبت؛ يتألف من
2930	income; rent	دخل؛ إيجار
2931	sadness	حزن
2932	humid	رطب
2933	obstacle	عقبة
2934	sandwich	شطيرة
2935	help	نجدة
2936	nice; friendly	لطيف؛ ودود
2937	selfish	أناني
2938	kick	ركلة
2939	shy	خجول
2940	baseball	بيسبول
2941	delay	تأخير
2942	privilege	امتياز
2943	spectacular	مذهل
2944	tourist	سائح
2945	convenient	ملائم
2946	balloon; globe	بالون؛ كرة أرضية
2947	subjected; submissive	خاضع
2948	worm	دودة
2949	surgeon	جرّاح
2950	afterwards	لاحقًا
2951	pregnancy	حمل
2952	existing	موجود
2953	protocol	بروتوكول
2954	angle	زاوية
2955	to protest	يحتج
2956	cook; chef	طبّاخ
2957	charity	صدقة؛ إحسان
2958	corn	ذرة
2959	fabric	قماش
2960	towel	منشفة
2961	promotion	ترقية؛ عرض ترويجي
2962	saving	ادخار
2963	to delay	يؤخّر
2964	anxious; eager	قلق؛ متلهف
2965	choir	جوقة
2966	outline; scheme	مخطط
2967	carpet	سجادة
2968	horror	رعب
2969	to damage	يُتلف
2970	tobacco	تبغ
2971	to correct	يصحح
2972	to float	يطفو
2973	logical	منطقي
2974	to exaggerate	يبالغ
2975	gym	صالة رياضية
2976	or (between numbers)	أو (بين الأرقام)
2977	orchestra	أوركسترا
2978	salad	سلطة
2979	stamp; seal	طابع؛ ختم
2980	to conceive	يتصوّر
2981	move; play	حركة؛ لعبة
2982	round	مستدير
2983	curve	منحنى
2984	to move; to displace	يُزيح؛ ينتقل
2985	shark	سمك القرش
2986	remote	بعيد
2987	tender	طري؛ حنون
2988	municipality	بلدية
2989	cake; tart	كعكة؛ فطيرة
2990	tidy	مرتب
2991	fishing	صيد السمك
2992	expectation	توقع
2993	to inspire	يُلهم
2994	babysitter	جليس أطفال
2995	routine	روتين
2996	tattoo	وشم
2997	shore	شاطئ؛ ضفة
2998	fraud	احتيال
2999	roll; bore (thing)	لفّة؛ شيء ممل
3000	statement (press)	بيان
