1658	في المرة الأولى لم يعجبني ذلك على الإطلاق.
1661	هل كان لديك درس بيانو في ذلك اليوم؟
1672	إنه يحمل طرداً تحت ذراعه اليمنى.
1676	ستهبط الطائرة بعد لحظات.
1677	بالي حارة ورطبة للغاية في ديسمبر.
1678	قسمت أمي الكعكة إلى ثماني قطع.
1684	أدخلت السكرتيرة الرسالة في الظرف.
1686	لقد خان أصدقاءه من أجل المال.
1689	سلوكك يتجاوز حدود الاستثنائي.
1694	الزيت لا يختلط بالماء.
1696	أخبر توم الجميع أنه متبنّى.
1697	هل تريد أن تعانقني أم أن تقبّلني؟ "أريد أن أفعل الأمرين كليهما."
1705	كم من المال تخبئون تحت السرير؟
1706	لقد طلب مني أن أتحدث ببطء أكثر.
1711	لا أرغب في تناول الطعام الصيني اليوم.
1713	نكاته كانت تجعلنا نموت من الضحك.
1714	لقد اعتاد بسرعة على محيطه الجديد.
1717	تحدث السيناتور هوار بشدة ضد المعاهدة.
1719	هذا النوع من الفساتين رائج الآن.
1720	هل الزيثر آلة موسيقية صعبة التعلم؟
1724	حبس اللص الطفل في الخزانة.
1725	أصيب جميع الركاب بالدوار أثناء العاصفة.
1726	أتساءل من المدفون في ذلك القبر.
1728	لم يفهم توم معنى اللافتة.
1731	كانت الساعة الثانية عشرة عندما وصل إلى البيت.
1733	معلمتي صوتها ناعم جداً.
1734	عرّف شوبنهاور العمارة بأنها "موسيقى متجمدة".
1737	في المرحلة الأولى من العدوى لا تظهر أي أعراض.
1738	لكل لغة شخصيتها وطابعها الخاص.
1744	كيف تظنين أنك ستبدين وأنتِ ترتدين هذا الفستان؟
1748	أومأ لها بالموافقة.
1750	قلت لتوم إنه وغد فضربني.
1751	أعلم أن توم كان طياراً مقاتلاً.
1754	عثر توم على نمط في البيانات.
1756	الخشب يطفو، لكن الحديد يغرق.
1758	بعض النساء يبدون ذكوريات أكثر منهن أنثويات.
1759	يبدو أنك فقدت بضعة أرطال.
1760	اليوم سندرس تشارلز ديكنز.
1765	درج الخزانة فيه عدة أقسام.
1766	يُشاع أن الشركة ستفلس قريباً.
1767	حلّ السكر محل العسل كمُحلٍّ.
1768	للأرانب آذان طويلة وذيول قصيرة.
1769	كان لديه مساعدان أو ثلاثة أكفاء إلى حد كبير.
1770	الجزر والفجل جذور صالحة للأكل.
1772	هذا الحجم من الإيثانول لا يستطيع إذابة 0.5 غرام من المادة الصلبة البيضاء تماماً.
1774	سلك توم وماري طريقين منفصلين.
1775	هل تعتقد أن المسدس يجب أن يصبح غير قانوني؟
1776	كان توم يعلم أن ماري هددت جون.
1779	هل عض كلبك أحداً من قبل؟
1791	تقول الشائعات إنهم ذاهبون إلى أستراليا.
1792	في ذلك الوقت كانت هناك طرق قليلة في أمريكا الشمالية.
1793	ما هو تطبيقك المفضل على الآيباد؟
1794	خلف ذلك المبنى يوجد المسبح البلدي.
1799	لا يسعني إلا أن أشعر بالشفقة على تلك الفتاة.
1801	أنا أدّخر المال لأشتري سيارة جديدة.
1805	إنه قوي كالثور.
1807	إن أردت رؤية توم فعليك أن تسرع.
1808	ما الذي يصنع قصة غموض جيدة؟
1819	يندم توم على تعريف ماري بجون.
1821	كان ذلك العمل منجم ذهب.
1822	نفى توم تورطه في جريمة القتل.
1828	أنتم آخر أمل للبشرية.
1836	تأملنا غروب الشمس خلف الجبال.
1837	كل ما يقوله توم تقريباً كذب.
1839	إنه مجنون بعض الشيء.
1844	ماذا تفضّل: العمالقة أم التنانين؟
1848	اللافتات المكتوب عليها "جهد عالٍ" غالباً ما تكون صفراء.
1849	قبّل توم ماريا قبلة رومانسية.
1850	لقد فات الأوان للاتصال بتوم.
1852	التوصل إلى اتفاق تفاوضي أمر غير وارد.
1856	عشبة رجل الديك نبات يتكاثر بواسطة الجذامير.
1857	اتُّهم بالسرقة والإيذاء الجسدي.
1859	يستعمل قلم رصاص رفيع الرأس.
1863	أنا أدرس اللغة الفرنسية وتصميم صفحات الويب.
1865	لإصدار حكم معقول، يجب أن يكون المرء مؤهلاً.
1866	كان شاعراً مشهوراً ودبلوماسياً كفؤاً.
1868	فصل مونتسكيو السلطة القضائية عن السلطة التنفيذية.
1870	كيف خطر لك عذر جيد كهذا؟
1871	بالمعنى الدقيق، تتكون اللغة الصينية من مئات اللهجات.
1876	الجرذان هي مصدر الطاعون.
1883	هزّ توم رأسه علامةً على الرفض.
1884	ما رقم هاتف طوكيو دوم؟
1885	أصيبت بالتواء في معصميها كليهما عند السقوط.
1886	الثلوج الكثيفة جعلتهم يؤجلون رحيلهم.
1889	كان توم خائفاً من أن يكون قد أضاع مفتاحه.
1891	يعرف توماس أن الشرطة تشتبه به.
1894	الانتقام طبق يُقدَّم بارداً.
1896	هل ألمس شيئاً من السخرية في ردك؟
1902	الإفراط في شرب الكحول مضر بالصحة.
1904	ماذا لو اختطف أحدهم توم؟ ماذا ستفعل؟
1906	لم يجد صعوبة في كشف اللغز.
1907	توم ينظر إلى شاشة حاسوبه.
1908	هذا الفندق يطل على منظر رائع للبحر.
1909	أشجعكم على مشاهدة ذلك الفيلم.
1910	لست مشغولاً اليوم أكثر من المعتاد.
1913	في أي ساعة من المتوقع أن تصل الرحلة؟
1923	ليون مقاطعة ومدينة في إقليم قشتالة وليون.
1924	بصراحة، رائحة عرقك مقززة.
1925	أنت محظوظ لأنهم لم يطلقوا النار عليك.
1926	تحالف العمال لحل المشكلة.
1927	يبدو أن توم ينتظر من ماريا أن تفعل شيئاً.
1929	كان مقدّراً له أن يصبح مترجماً فورياً.
1930	عليّ أن أخسر كيلوغرامين ونصفاً.
1931	وافق توم على قبول عرض ماريا.
1932	النجاح يقوم على الانضباط المستمر.
1933	مفهوم المقاومة ينطبق بالقدر نفسه على الموائع.
1935	عادةً ما تعدّ لنا أمي فطيرة التفاح.
1937	تأجلت المباراة بسبب الثلج.
1938	هل سبق لك أن قدت سيارة رياضية؟
1939	الطبيب متاح فقط في أيام العمل.
1941	أثق في حسن تقديرك لاتخاذ القرار المناسب.
1942	القاموس غير مكتمل. إنه يصل فقط إلى حرف "J".
1943	هل يمكنني دفع ثمن الكتاب بشيك؟
1944	لم تكن هناك سحابة واحدة في الأفق.
1945	تركت الخيول أثراً واضحاً جداً.
1947	إنه نقاش قديم قِدَم الزمن نفسه.
1948	طلبت النقابة تدخّل الدولة في المسألة.
1950	هل ترى الطائر على سلك الهاتف؟
1954	هل تريدون لحم البقر أم لحم الخنزير؟
1955	ماري سيدة أعمال ممتازة.
1957	يجب أن تحارب هذه النزعة التي لديك.
1961	كان يعاني أحياناً من صداع شديد.
1962	الغيورون يموتون، لكن الغيرة لا تموت.
1963	أصاب فيروس حاسوب توماس.
1964	هل تعلم أن الرجال قد يصابون بسرطان الثدي؟
1966	هل عولجت من عدوى بعد الجراحة؟
1968	أخذ توم دورة في التحكم بالغضب.
1970	جدار حجري يحيط بقطعة الأرض.
1976	سقطت مقاومة من لوحة الدوائر.
1978	البرسيم غطاء نباتي جيد.
1979	تلقى أمراً بالالتحاق بكتيبته.
1980	دائماً ما يخلط بيني وبين أختي.
1982	قوبلاي خان هو حفيد جنكيز خان.
1986	يجب أن أقول إنهم في الحقيقة لم يبدوا متفاجئين.
1989	يع، ماما وبابا يتبادلان القبلات.
1990	يا شباب، هل ترغبون في بعض المرح الليلة؟
1993	لدينا شجرة كمكوات في فنائنا.
1995	لقد كرّس حياته للبحث العلمي.
1996	ما لون البلغم الذي أخرجته؟
1997	كنت أدرّب فريق كرة السلة الخاص بابني.
1998	لديهم تشكيلة جيدة من الأقراط في محل المجوهرات هذا.
2000	هل شعرت مؤخراً بأي دوار أو دوخة غير مبررة؟
2001	لن آكل شيئاً رائحته كريهة هكذا.
2002	تلك المدينة على بعد ميلين من هنا.
2006	سيارتي مزودة بنوافذ كهربائية وقفل مركزي.
2007	كان توم حكماً في مسابقة فنية.
2008	هل تعرف كم تبعد البلدية عن المحطة؟
2012	سقط زر من معطفي.
2016	كان المحتجزون ينتظرون استجوابهم.
2017	يبدأ الأسبوع المقدس الأربعاء القادم.
2020	سمعت عنها، لكنني لا أعرفها شخصياً.
2022	إن أسأت معاملة حاسوبك فلن يعمل جيداً.
2023	لمن هذه الأقراط؟ "إنها لتانيا."
2024	أعيش في عالم من أحلام اليقظة الدائمة.
2030	في الصيف الماضي كنت أعمل بدوام جزئي في مزرعة.
2031	سأفسح لك مكاناً في جدولي المزدحم.
2032	لا أستطيع تحمّل البقاء محبوساً في هذا السجن!
2034	هل تعلم متى حصل توم على رخصة القيادة؟
2035	خمس عشرة دقيقة أخرى وسأخرج من هنا.
2038	يبدو أن توم متلهف بشدة لفعل ذلك.
2040	هل تريد ترك حقيبتك في صندوق السيارة؟
2044	التنوع هو بهار الحياة.
2047	هل يحاول توم إفساد ليلتنا؟
2049	كان لدي موعد سابق في العاشرة.
2050	طوّر داروين نظرية التطور.
2051	تغيّر مزاج توم.
2055	توم وماري يعيشان في شاحنة صغيرة.
2056	لم يُخترع المصباح الكهربائي بتحسين الشمعة.
2058	سبق تراجان هادريان إمبراطوراً لروما.
2060	إنها فضولية لمعرفة من أرسل الزهور.
2061	هل تفضل الذهاب لصيد السمك أم للقنص؟
2070	أنا أفعل في الأساس الشيء نفسه الذي يفعله توم.
2072	حجب ستار من الضباب الرؤية عنا.
2083	الحياة مرض قاتل ينتقل جنسياً.
2084	غضب كوحش بري.
2085	كان لا بد من إيجاد مرشد للرحلة.
2087	قد يشتري توم لوح ركوب الأمواج اليوم.
2090	يؤدي الساحر عدة خدع بالورق.
2094	كان توم زميل جون في الزنزانة.
2095	ظن توم أن ماري قد تهزم جون.
2097	نمت أكثر من اللازم لأن المنبه لم يرنّ.
2103	فُصل بقية الموظفين دون إشعار مسبق.
2107	غيابه أثار كل أنواع الشائعات.
2108	سترتي المحشوة بالريش تبقيني دافئاً تماماً.
2111	أنا أسألك أنت، يا من أطلقت هذه المبادرة.
2114	ادعى توم أنه مالك الأرض.
2116	جرن المعمودية مليء بالماء المقدس.
2119	حاولت عبثاً أن تخفي خوفها.
2120	أدرك توم أن ماريا كانت تعيسة.
2121	متى كانت آخر مرة أمطرت فيها هنا؟
2125	من الصعب جداً إرضاء جدي.
2126	ستصابين بالبرد بهذا الفستان الخفيف.
2136	زهور التوليب أنيقة لكن ليس لها رائحة.
2137	هل استقررت في منزلك الجديد؟
2140	أودع 100 دولار في حساب التوفير الخاص به.
2141	لقد جُرح كثيراً بسبب كلماتها القاسية.
2142	الساعة السابعة وخمسون دقيقة صباحاً.
2146	لم أرَ قط لؤلؤة بهذا الحجم!
2148	هل تعرف كيف تشعل النار باستخدام عيدان الخشب فقط؟
2149	ما الفاكهة التي تحبها أكثر من غيرها؟
2150	ليس لدينا آلية لاستدامة التمويل.
2152	مجموع 5 + 10 سهل.
2154	أود أن ألعب جولة غولف.
2157	يُمنع إطعام الحمام.
2162	لم تعجبني حبكة الفيلم.
2164	اشترت رغيف خبز هذا الصباح.
2165	يجب سحب رخص السائقين المتهورين.
2166	لا ينقصنا النفط في هذا البلد.
2167	أعاصير الفئة الخامسة هي الأسوأ.
2171	من فضلك، بلّغ تحياتي لوالدك.
2173	التغيير صغير جداً بحيث لا يمكن ملاحظته.
2175	توم مجتهد جداً وجدير بالثقة.
2177	كيف أجعل ابني يأكل الخضروات؟
2179	كتب ملاحظاته على هامش الموضوع الإنشائي.
2180	اترك الأمر لي. سأتولاه.
2182	توم لا يتصرف كأستاذ جامعي نموذجي.
2184	ألا ترون لافتة الخروج هناك؟
2190	لا تنزعج. توم يتصرف هكذا مع الجميع.
2192	سينهي توم قضاء عقوبته الشهر القادم.
2193	ظل يبحث عن قطه الضائع طوال اليوم.
2198	ما رسوم البريد الجوي؟
2201	الجمعية مدعوة للانعقاد غداً.
2207	قال لي توم أن أخفف السرعة.
2208	ما قاله لي أغضبني كثيراً.
2209	صادقتهم في مهرجان المدرسة.
2212	يمكنك أن تتغلب على الواقع بقدر كافٍ من الخيال.
2215	يجب أن تستشير محاميك بشأن هذه المسألة.
2216	سيُكلَّف مرصد إقليمي بمراقبة تنفيذ الخطة.
2217	لنحسب نفقات الرحلة.
2223	تسعة تربيع يساوي واحداً وثمانين.
2224	حكى لنا توم نكتة أخرى من نكاته السخيفة.
2225	الخزان الممتلئ يكفيني أسبوعاً.
2226	حلّ البلاستيك محل العديد من المواد التقليدية.
2227	ركل توم ماري في بطنها.
2232	لا يهمني الأدب بقدر ما يهمك.
2249	أود أن تخضع لفحص دقيق.
2250	تدحرجت الكرة على الأرض نحوي.
2254	لماذا لا يساهم كل منا بثلاثين دولاراً؟
2259	صرخ الجمهور عندما سجل هدفاً.
2260	هل سبق لك أن قمت بعمل تطوعي؟
2261	لقد جمع مجموعة كبيرة إلى حد ما من الكتب.
2264	مرّ توم وماري بطلاق مزعج.
2265	هل سبق لك أن تذوقت حساءً بهذه الجودة؟
2266	قالوا إنه كان انتهاكاً واضحاً للقانون الدولي.
2267	متى انسجمت الأمور بين توم وماري؟
2273	عثروا على أطلال مدينة غامضة في الصحراء.
2279	الاستراحة من الساعة 10:40 حتى الساعة 11.
2283	يجب أن تُنقل هذه الأساطير إلى أحفادنا.
2288	أحاول الآن أن أبقى بعيداً عن الأضواء.
2290	يجب أن يخضع توماس لعملية في عموده الفقري.
2292	تلقت ماري جوائز كثيرة على شعرها.
2300	أشعر بشيء من الدوار ورغبة في التقيؤ.
2301	تؤجّر غرفة لطالب.
2302	أعرفها من مكان ما، لكنني لا أتذكر من أين.
2303	قطعت الأمطار الغزيرة ليلة أمس الطريق.
2310	تعهّد توم بفعل ذلك.
2311	يمكننا رؤية جبل فوجي من بعيد.
2313	كم هدية عيد ميلاد وزعت هذا العام؟
2315	كان توم سائق سيارة إسعاف في الحرب.
2322	تُستخدم أدوات متعددة في الحراثة.
2323	أصبحت ماري راهبة وافتتحت داراً للأيتام.
2324	عصر معجون الأسنان من الأنبوب.
2327	كيف ستبرر غيابك؟
2336	إنها في مثل عمري تقريباً.
2337	كانت البتلات حمراء بخطوط ذهبية.
2341	في أي ساعة من المقرر أن تهبط الطائرة؟
2342	أبلى توم بلاءً حسناً بالنسبة لمبتدئ.
2344	ها ها! إنها لا تستطيع إخفاء توترها.
2350	ملأهم فيلم مصاصي الدماء بالرعب.
2351	لا تجعل من الحبة قبة.
2352	أهداني نصف دزينة من المناديل الكتانية.
2353	لم أكن أعلم أنك شخص متفانٍ إلى هذا الحد.
2354	جميع الأطفال عباقرة محتملون.
2356	من أكل كل البسكويت؟
2361	توم يؤمن بالأدوار التقليدية للجنسين.
