158	توم لا يفهم ما تعنيه ماري.
201	توم كان يعلم أن ماري محقة.
227	توم جلس بجوار ماري في الصف.
238	لماذا يجب أن أهتم بما يفعله توم؟
266	توم لا يستطيع السباحة بسرعة ماري.
306	لماذا لا تعتقل الشرطة توم؟
437	توم حصل على كل ما يريده لعيد الميلاد.
438	أخبر توم ماري أن تصمت.
457	توم كان يعلم أن ماري تكذب على جون.
515	توم يفحص رسائله على هاتفه.
539	توم سأل ماري لماذا كانت تبكي.
568	ليس توم الذي تحميه ماري.
614	أخبر توم ماري أنه لا يمزح.
622	توم هو ضحية جريمة فظيعة.
629	توم وماري يريدون عقد صفقة.
649	أصدقاء توم ضحكوا عليه.
693	توم كان يراقب ماري وجون.
701	أريدك أن تسافر إلى بوسطن غداً.
710	توم بالكاد يتنفس بعد السباق.
738	توم شكر ماري على مجيئها.
739	توم قبل ماري واعتذر.
758	توم رصد نمطاً في البيانات.
807	لماذا يجب أن أهتم أين يذهب توم؟
812	محاكمة توم ستستأنف يوم الإثنين.
843	توم وماري يحاولون تهدئة جون.
869	كان توم يجلس تحت شجرة ويشرب النبيذ.
907	أخبرني توم أنك متوتر قليلاً.
924	توم دخل فخ ماري.
927	غرفة توم ليست نظيفة.
939	أخيل كان بطلاً يونانياً قديماً.
941	توم سيحظى ببار ميتزفاه الشهر القادم.
949	توم تساءل عن كمية الأمتعة التي تخطط ماري لأخذها.
